"<android.os.Handler: boolean sendEmptyMessageDelayed(int,long)>","0","20000"
"<android.content.res.AssetManager: java.io.InputStream open(java.lang.String)>","airshipconfig.properties"
"<java.lang.reflect.Field: void set(java.lang.Object,java.lang.Object)>","com.urbanairship.AirshipConfigOptions@7d83c92","false"
"<java.lang.reflect.Field: void set(java.lang.Object,java.lang.Object)>","com.urbanairship.AirshipConfigOptions@7d83c92","YourEmailAddress"
"<java.lang.reflect.Field: void set(java.lang.Object,java.lang.Object)>","com.urbanairship.AirshipConfigOptions@7d83c92","YourDevelopmentAppKey"
"<java.lang.reflect.Field: void set(java.lang.Object,java.lang.Object)>","com.urbanairship.AirshipConfigOptions@7d83c92","YourDevelopmentAppSecret"
"<java.lang.reflect.Field: void set(java.lang.Object,java.lang.Object)>","com.urbanairship.AirshipConfigOptions@7d83c92","false"
"<java.lang.reflect.Field: void set(java.lang.Object,java.lang.Object)>","com.urbanairship.AirshipConfigOptions@7d83c92","false"
"<java.lang.reflect.Field: void set(java.lang.Object,java.lang.Object)>","com.urbanairship.AirshipConfigOptions@7d83c92","YourProductionAppKey"
"<java.lang.reflect.Field: void set(java.lang.Object,java.lang.Object)>","com.urbanairship.AirshipConfigOptions@7d83c92","YourProductionAppSecret"
"<java.lang.reflect.Field: void set(java.lang.Object,java.lang.Object)>","com.urbanairship.AirshipConfigOptions@7d83c92","c2dm"
"<android.util.Log: int d(java.lang.String,java.lang.String)>","Toonix - UALib","Airship Take Off! Lib Version: 1.1.3 / App key = YourDevelopmentAppKey / secret = YourDevelopmentAppSecret"
"<android.util.Log: int d(java.lang.String,java.lang.String)>","Toonix - UALib","In Production? false"
"<android.util.Log: int d(java.lang.String,java.lang.String)>","Toonix - UALib","Initializing Push."
"<android.content.Intent: android.content.Intent setAction(java.lang.String)>","com.urbanairship.push.START"
"<android.util.Log: int d(java.lang.String,java.lang.String)>","Toonix - UALib","Initializing Analytics."
"<android.app.Activity: void startActivity(android.content.Intent)>","Intent { flg=0x10000 cmp=com.blokwise.cartl/com.unity3d.player.UnityPlayerNativeActivity }"
"<android.content.res.AssetManager: java.io.InputStream open(java.lang.String)>","airshipconfig.properties"
"<java.lang.reflect.Field: void set(java.lang.Object,java.lang.Object)>","com.urbanairship.AirshipConfigOptions@7d83c92","false"
"<java.lang.reflect.Field: void set(java.lang.Object,java.lang.Object)>","com.urbanairship.AirshipConfigOptions@7d83c92","YourEmailAddress"
"<java.lang.reflect.Field: void set(java.lang.Object,java.lang.Object)>","com.urbanairship.AirshipConfigOptions@7d83c92","YourDevelopmentAppKey"
"<java.lang.reflect.Field: void set(java.lang.Object,java.lang.Object)>","com.urbanairship.AirshipConfigOptions@7d83c92","YourDevelopmentAppSecret"
"<java.lang.reflect.Field: void set(java.lang.Object,java.lang.Object)>","com.urbanairship.AirshipConfigOptions@7d83c92","false"
"<java.lang.reflect.Field: void set(java.lang.Object,java.lang.Object)>","com.urbanairship.AirshipConfigOptions@7d83c92","false"
"<java.lang.reflect.Field: void set(java.lang.Object,java.lang.Object)>","com.urbanairship.AirshipConfigOptions@7d83c92","YourProductionAppKey"
"<java.lang.reflect.Field: void set(java.lang.Object,java.lang.Object)>","com.urbanairship.AirshipConfigOptions@7d83c92","YourProductionAppSecret"
"<java.lang.reflect.Field: void set(java.lang.Object,java.lang.Object)>","com.urbanairship.AirshipConfigOptions@7d83c92","c2dm"
"<android.util.Log: int d(java.lang.String,java.lang.String)>","Toonix - UALib","Airship Take Off! Lib Version: 1.1.3 / App key = YourDevelopmentAppKey / secret = YourDevelopmentAppSecret"
"<android.util.Log: int d(java.lang.String,java.lang.String)>","Toonix - UALib","In Production? false"
"<java.lang.String: boolean startsWith(java.lang.String)>","arm"
"<android.content.res.AssetManager: java.io.InputStream open(java.lang.String)>","bin/Data/settings.xml"
"<org.xmlpull.v1.XmlPullParserFactory: void setNamespaceAware(boolean)>","1"
"<android.util.Log: int d(java.lang.String,java.lang.String)>","Toonix - UALib","Initializing Push."
"<android.content.Intent: android.content.Intent setAction(java.lang.String)>","com.urbanairship.push.START"
"<android.util.Log: int d(java.lang.String,java.lang.String)>","Toonix - UALib","Initializing Analytics."
"<android.util.Log: int d(java.lang.String,java.lang.String)>","Toonix - UALib","Push Service started with intent=Intent { act=com.urbanairship.push.START cmp=com.blokwise.cartl/com.urbanairship.push.PushService }"
"<android.util.Log: int d(java.lang.String,java.lang.String)>","Toonix - UALib","Push Service started with intent=Intent { act=com.urbanairship.push.START cmp=com.blokwise.cartl/com.urbanairship.push.PushService }"
"<android.view.Window: void setFlags(int,int)>","1024","1024"
"<android.view.View: void setFocusable(boolean)>","1"
"<android.view.View: void setFocusableInTouchMode(boolean)>","1"
"<android.app.Activity: void setContentView(android.view.View)>","com.unity3d.player.UnityPlayer{4475f9f V.E...... ......I. 0,0-0,0}"
"<android.util.Log: int d(java.lang.String,java.lang.String)>","Unity","Creating OpenGL ES 2.0 context (RGBA32 8888 24/8)"
"<android.os.Handler: boolean sendEmptyMessageDelayed(int,long)>","0","20000"
"<java.net.URL: void <init>(java.lang.String)>","http://www.blokwise.com/partners/turner/cartoonnetwork/toonix/language/localization.xml"
"<android.os.Handler: boolean sendEmptyMessageDelayed(int,long)>","0","20000"
"<java.net.URL: void <init>(java.lang.String)>","http://mobwise.me/xml/banner.php?language=English&type=splash&device=iphone"
"<android.os.Handler: boolean sendEmptyMessageDelayed(int,long)>","0","20000"
"<android.os.Handler: boolean sendEmptyMessageDelayed(int,long)>","0","20000"
"<android.os.Handler: boolean sendEmptyMessageDelayed(int,long)>","100001","240000"
"<android.util.Log: int w(java.lang.String,java.lang.String)>","DoodleMobileAnaylise","create files"
"<android.os.Handler: boolean sendEmptyMessageDelayed(int,long)>","0","20000"
"<android.os.Handler: boolean sendEmptyMessageDelayed(int,long)>","0","20000"
"<android.os.Handler: boolean sendEmptyMessageDelayed(int,long)>","0","20000"
"<android.os.Handler: boolean sendEmptyMessageDelayed(int,long)>","0","20000"
